,Champion,tags,difficulty
0,Aatrox,"['Fighter', 'Tank']",Normal
1,Ahri,"['Mage', 'Assassin']",Normal
2,Akali,['Assassin'],Normal
3,Alistar,"['Tank', 'Support']",Normal
4,Amumu,"['Tank', 'Mage']",Easy
5,Anivia,"['Mage']",Normal
6,Annie,['Mage'],Easy
7,Ashe,"['Marksman']",Easy
8,AurelionSol,['Mage'],Normal
9,Azir,"['Mage', 'Marksman']",Hard
10,Bard,"['Support', 'Mage']",Hard
11,Blitzcrank,"['Tank', 'Fighter']",Easy
12,Brand,['Mage'],Easy
13,Braum,"['Support', 'Tank']",Easy
14,Caitlyn,['Marksman'],Normal
15,Camille,"['Fighter', 'Tank']",Normal
16,Cassiopeia,['Mage'],Hard
17,Chogath,"['Tank', 'Mage']",Normal
18,Corki,['Marksman'],Normal
19,Darius,"['Fighter', 'Tank']",Easy
20,Diana,"['Fighter', 'Mage']",Easy
21,Draven,['Marksman'],Hard
22,DrMundo,"['Fighter', 'Tank']",Easy
23,Ekko,"['Assassin', 'Fighter']",Hard
24,Elise,"['Mage', 'Fighter']",Normal
25,Evelynn,"['Assassin', 'Mage']",Hard
26,Ezreal,"['Marksman', 'Mage']",Normal
27,Fiddlesticks,"['Mage', 'Support']",Normal
28,Fiora,"['Fighter', 'Assassin']",Normal
29,Fizz,"['Assassin', 'Fighter']",Hard
30,Galio,"['Tank', 'Mage']",Normal
31,Gangplank,['Fighter'],Hard
32,Garen,"['Fighter', 'Tank']",Easy
33,Gnar,"['Fighter', 'Tank']",Normal
34,Gragas,"['Fighter', 'Mage']",Normal
35,Graves,['Marksman'],Easy
36,Hecarim,"['Fighter', 'Tank']",Normal
37,Heimerdinger,"['Mage', 'Support']",Hard
38,Illaoi,"['Fighter', 'Tank']",Easy
39,Irelia,"['Fighter', 'Assassin']",Normal
40,Ivern,"['Support', 'Mage']",Normal
41,Janna,"['Support', 'Mage']",Easy
42,JarvanIV,"['Tank', 'Fighter']",Normal
43,Jax,"['Fighter', 'Assassin']",Normal
44,Jayce,"['Fighter', 'Marksman']",Normal
45,Jhin,"['Marksman', 'Mage']",Normal
46,Jinx,['Marksman'],Normal
47,Kaisa,['Marksman'],Normal
48,Kalista,['Marksman'],Hard
49,Karma,"['Mage', 'Support']",Easy
50,Karthus,['Mage'],Normal
51,Kassadin,"['Assassin', 'Mage']",Easy
52,Katarina,"['Assassin', 'Mage']",Hard
53,Kayle,"['Fighter', 'Support']",Normal
54,Kayn,"['Fighter', 'Assassin']",Hard
55,Kennen,"['Mage', 'Marksman']",Easy
56,Khazix,['Assassin'],Normal
57,Kindred,['Marksman'],Normal
58,Kled,"['Fighter', 'Tank']",Easy
59,KogMaw,"['Marksman', 'Mage']",Normal
60,Leblanc,"['Assassin', 'Mage']",Hard
61,LeeSin,"['Fighter', 'Assassin']",Normal
62,Leona,"['Tank', 'Support']",Easy
63,Lissandra,['Mage'],Normal
64,Lucian,['Marksman'],Normal
65,Lulu,"['Support', 'Mage']",Easy
66,Lux,"['Mage', 'Support']",Easy
67,Malphite,"['Tank', 'Fighter']",Easy
68,Malzahar,"['Mage', 'Assassin']",Normal
69,Maokai,"['Tank', 'Mage']",Easy
70,MasterYi,"['Assassin', 'Fighter']",Easy
71,MissFortune,['Marksman'],Easy
72,MonkeyKing,"['Fighter', 'Tank']",Easy
73,Mordekaiser,['Fighter'],Easy
74,Morgana,"['Mage', 'Support']",Easy
75,Nami,"['Support', 'Mage']",Normal
76,Nasus,"['Fighter', 'Tank']",Easy
77,Nautilus,"['Tank', 'Fighter', 'Support]",Easy
78,Neeko,"['Mage', 'Support']",Normal
79,Nidalee,"['Assassin', 'Mage']",Hard
80,Nocturne,"['Assassin', 'Fighter']",Easy
81,Nunu,"['Tank', 'Fighter']",Easy
82,Olaf,"['Fighter', 'Tank']",Normal
83,Orianna,"['Mage', 'Support']",Normal
84,Ornn,"['Tank', 'Fighter']",Normal
85,Pantheon,"['Fighter', 'Assassin']",Normal
86,Poppy,"['Tank', 'Fighter']",Normal
87,Pyke,"['Support', 'Assassin']",Normal
88,Qiyana,"['Assassin', 'Fighter']",Hard
89,Quinn,"['Marksman', 'Assassin']",Normal
90,Rakan,['Support'],Normal
91,Rammus,"['Tank', 'Fighter']",Easy
92,RekSai,['Fighter'],Easy
93,Renekton,"['Fighter', 'Tank']",Normal
94,Rengar,"['Assassin', 'Fighter']",Hard
95,Riven,"['Fighter', 'Assassin']",Hard
96,Rumble,"['Fighter', 'Mage']",Hard
97,Ryze,"['Mage', 'Fighter']",Normal
98,Sejuani,"['Tank']",Easy
99,Shaco,['Assassin'],Hard
100,Shen,['Tank'],Easy
101,Shyvana,"['Fighter', 'Tank']",Easy
102,Singed,"['Tank', 'Fighter']",Normal
103,Sion,"['Tank', 'Fighter']",Normal
104,Sivir,['Marksman'],Easy
105,Skarner,"['Fighter', 'Tank']",Normal
106,Sona,"['Support', 'Mage']",Easy
107,Soraka,"['Support', 'Mage']",Easy
108,Swain,"['Mage', 'Fighter']",Normal
109,Sylas,"['Mage', 'Assassin']",Normal
110,Syndra,"['Mage', 'Support']",Hard
111,TahmKench,"['Support', 'Tank']",Normal
112,Taliyah,"['Mage', 'Support']",Normal
113,Talon,['Assassin'],Hard
114,Taric,"['Support', 'Fighter']",Easy
115,Teemo,"['Marksman', 'Assassin']",Normal
116,Thresh,"['Support']",Normal
117,Tristana,"['Marksman', 'Assassin']",Easy
118,Trundle,"['Fighter', 'Tank']",Easy
119,Tryndamere,"['Fighter', 'Assassin']",Easy
120,TwistedFate,['Mage'],Hard
121,Twitch,"['Marksman', 'Assassin']",Normal
122,Udyr,"['Fighter', 'Tank']",Easy
123,Urgot,"['Fighter', 'Tank']",Normal
124,Varus,"['Marksman']",Normal
125,Vayne,"['Marksman', 'Assassin']",Hard
126,Veigar,['Mage'],Normal
127,Velkoz,['Mage'],Hard
128,Vi,"['Fighter', 'Assassin']",Easy
129,Viktor,['Mage'],Normal
130,Vladimir,['Mage'],Normal
131,Volibear,"['Fighter', 'Tank']",Easy
132,Warwick,"['Fighter', 'Tank']",Easy
133,Xayah,['Marksman'],Normal
134,Xerath,['Mage'],Normal
135,XinZhao,"['Fighter', 'Assassin']",Easy
136,Yasuo,"['Fighter', 'Assassin']",Hard
137,Yorick,"['Fighter', 'Tank']",Normal
138,Yuumi,"['Support', 'Mage']",Easy
139,Zac,"['Tank']",Hard
140,Zed,['Assassin'],Hard
141,Ziggs,['Mage'],Easy
142,Zilean,"['Support', 'Mage']",Normal
143,Zoe,"['Mage']",Hard
144,Zyra,"['Mage', 'Support']",Normal
